Address,AddressWithCountry,Country
"32, DUMOND STREET, UNIT 123, BENTLEY, WA, 6102","32, DUMOND STREET, UNIT 123, BENTLEY, WA, 6102, AU",AU
"26, ANDREW ROAD, UNIT 75, GREENBANK, QLD, 4124","26, ANDREW ROAD, UNIT 75, GREENBANK, QLD, 4124, AU",AU
"52, FERNSIDE AVENUE, BRIAR HILL, VIC, 3088","52, FERNSIDE AVENUE, BRIAR HILL, VIC, 3088, AU",AU
"44, SIGANTO DRIVE, HELENSVALE, QLD, 4212","44, SIGANTO DRIVE, HELENSVALE, QLD, 4212, AU",AU
"6, CORONATION STREET, BELLINGEN, NSW, 2454","6, CORONATION STREET, BELLINGEN, NSW, 2454, AU",AU
"65-69, DOWNES STREET, CHINCHILLA, QLD, 4413","65-69, DOWNES STREET, CHINCHILLA, QLD, 4413, AU",AU
"7, LEICHHARDT STREET, UNIT 34, WAVERLEY, NSW, 2024","7, LEICHHARDT STREET, UNIT 34, WAVERLEY, NSW, 2024, AU",AU
"45, MORAN CRESCENT, FOREST LAKE, QLD, 4078","45, MORAN CRESCENT, FOREST LAKE, QLD, 4078, AU",AU
"64, STUD ROAD, UNIT 4, DANDENONG, VIC, 3175","64, STUD ROAD, UNIT 4, DANDENONG, VIC, 3175, AU",AU
"74, GROSE STREET, UNIT 2, NORTH PARRAMATTA, NSW, 2151","74, GROSE STREET, UNIT 2, NORTH PARRAMATTA, NSW, 2151, AU",AU
"22, SMITH STREET, CARRUM, VIC, 3197","22, SMITH STREET, CARRUM, VIC, 3197, AU",AU
"78, ARTHUR STREET, ASHFIELD, NSW, 2131","78, ARTHUR STREET, ASHFIELD, NSW, 2131, AU",AU
"10, BURKE CRESCENT, UNIT 36, KINGSTON, ACT, 2604","10, BURKE CRESCENT, UNIT 36, KINGSTON, ACT, 2604, AU",AU
"4, MORAWA AVENUE, GILLES PLAINS, SA, 5086","4, MORAWA AVENUE, GILLES PLAINS, SA, 5086, AU",AU
"99B, BONAR STREET, UNIT 121, WOLLI CREEK, NSW, 2205","99B, BONAR STREET, UNIT 121, WOLLI CREEK, NSW, 2205, AU",AU
"33537, BRUCE HIGHWAY, SHIRBOURNE, QLD, 4809","33537, BRUCE HIGHWAY, SHIRBOURNE, QLD, 4809, AU",AU
"18F, DERRICK STREET, JERRAMUNGUP, WA, 6337","18F, DERRICK STREET, JERRAMUNGUP, WA, 6337, AU",AU
"15-19, BEACH STREET, SHOP 1, HARRINGTON, NSW, 2427","15-19, BEACH STREET, SHOP 1, HARRINGTON, NSW, 2427, AU",AU
"167, HOARE STREET, MANUNDA, QLD, 4870","167, HOARE STREET, MANUNDA, QLD, 4870, AU",AU
"2, TREGOLE STREET, YARRABILBA, QLD, 4207","2, TREGOLE STREET, YARRABILBA, QLD, 4207, AU",AU
"22, LORDS BOULEVARD, NORTH KELLYVILLE, NSW, 2155","22, LORDS BOULEVARD, NORTH KELLYVILLE, NSW, 2155, AU",AU
"3, URALBA COURT, QUINNS ROCKS, WA, 6030","3, URALBA COURT, QUINNS ROCKS, WA, 6030, AU",AU
"354-356, BLACKBURN ROAD, DONCASTER EAST, VIC, 3109","354-356, BLACKBURN ROAD, DONCASTER EAST, VIC, 3109, AU",AU
"44A, SPICER STREET, BEAUMARIS, VIC, 3193","44A, SPICER STREET, BEAUMARIS, VIC, 3193, AU",AU
"22, BATHURST STREET, RED HILL, QLD, 4059","22, BATHURST STREET, RED HILL, QLD, 4059, AU",AU
"227, TOORAK ROAD, UNIT 103, SOUTH YARRA, VIC, 3141","227, TOORAK ROAD, UNIT 103, SOUTH YARRA, VIC, 3141, AU",AU
"17, ATTUNA CRESCENT, CAPEL SOUND, VIC, 3940","17, ATTUNA CRESCENT, CAPEL SOUND, VIC, 3940, AU",AU
"35, ANGELO STREET, UNIT 14, SOUTH PERTH, WA, 6151","35, ANGELO STREET, UNIT 14, SOUTH PERTH, WA, 6151, AU",AU
"20, RENWICK STREET, FLAGSTAFF HILL, SA, 5159","20, RENWICK STREET, FLAGSTAFF HILL, SA, 5159, AU",AU
"60, LINDEN WAY, FORRESTFIELD, WA, 6058","60, LINDEN WAY, FORRESTFIELD, WA, 6058, AU",AU
"17, SAXON STREET, BELFIELD, NSW, 2191","17, SAXON STREET, BELFIELD, NSW, 2191, AU",AU
"1195, FLIGHT SPRINGS ROAD, MERRIWA, NSW, 2329","1195, FLIGHT SPRINGS ROAD, MERRIWA, NSW, 2329, AU",AU
"7-11, HAPPY VALLEY ROAD, PORT LINCOLN, SA, 5606","7-11, HAPPY VALLEY ROAD, PORT LINCOLN, SA, 5606, AU",AU
"55, HODEL STREET, UNIT 3, HERMIT PARK, QLD, 4812","55, HODEL STREET, UNIT 3, HERMIT PARK, QLD, 4812, AU",AU
"5, BELANT WAY, CLYDE NORTH, VIC, 3978","5, BELANT WAY, CLYDE NORTH, VIC, 3978, AU",AU
"9, KNOLL AVENUE, DUDLEY, NSW, 2290","9, KNOLL AVENUE, DUDLEY, NSW, 2290, AU",AU
"1-5, WALKER PLACE, UNIT 3, GAWLER, SA, 5118","1-5, WALKER PLACE, UNIT 3, GAWLER, SA, 5118, AU",AU
"63, GRENDON STREET, UNIT 2, NORTH MACKAY, QLD, 4740","63, GRENDON STREET, UNIT 2, NORTH MACKAY, QLD, 4740, AU",AU
"6B, FRANK STREET, NEWTON, SA, 5074","6B, FRANK STREET, NEWTON, SA, 5074, AU",AU
"1384, DANDENONG ROAD, UNIT 133, HUGHESDALE, VIC, 3166","1384, DANDENONG ROAD, UNIT 133, HUGHESDALE, VIC, 3166, AU",AU
"121, WILLIAMSON AVENUE, CLOVERDALE, WA, 6105","121, WILLIAMSON AVENUE, CLOVERDALE, WA, 6105, AU",AU
"148, ERNEST JONES DRIVE, MACLEOD, VIC, 3085","148, ERNEST JONES DRIVE, MACLEOD, VIC, 3085, AU",AU
"25, MINYAGO STREET, BLACKHEATH, NSW, 2785","25, MINYAGO STREET, BLACKHEATH, NSW, 2785, AU",AU
"1A, FREDERICK STREET, UNIT 9, HORNSBY, NSW, 2077","1A, FREDERICK STREET, UNIT 9, HORNSBY, NSW, 2077, AU",AU
"2, CURRIE CRESCENT, UNIT 2D, GRIFFITH, ACT, 2603","2, CURRIE CRESCENT, UNIT 2D, GRIFFITH, ACT, 2603, AU",AU
"58, QUEEN STREET, UNIT 2, NORWOOD, SA, 5067","58, QUEEN STREET, UNIT 2, NORWOOD, SA, 5067, AU",AU
"36, GREYSTANES ROAD, GREYSTANES, NSW, 2145","36, GREYSTANES ROAD, GREYSTANES, NSW, 2145, AU",AU
"3, EAST STREET, SOUTH KEMPSEY, NSW, 2440","3, EAST STREET, SOUTH KEMPSEY, NSW, 2440, AU",AU
"23, ALBERTA STREET, WEST FOOTSCRAY, VIC, 3012","23, ALBERTA STREET, WEST FOOTSCRAY, VIC, 3012, AU",AU
"593, MARION BAY ROAD, MARION BAY, TAS, 7175","593, MARION BAY ROAD, MARION BAY, TAS, 7175, AU",AU
"65, ARGYLE STREET, ST KILDA, VIC, 3182","65, ARGYLE STREET, ST KILDA, VIC, 3182, AU",AU
"20, KINGSDALE CRESCENT, PAKENHAM, VIC, 3810","20, KINGSDALE CRESCENT, PAKENHAM, VIC, 3810, AU",AU
"13, FRANK AVENUE, WADALBA, NSW, 2259","13, FRANK AVENUE, WADALBA, NSW, 2259, AU",AU
"33, NEW CANTERBURY ROAD, UNIT 306, PETERSHAM, NSW, 2049","33, NEW CANTERBURY ROAD, UNIT 306, PETERSHAM, NSW, 2049, AU",AU
"79-81, UNION ROAD, UNIT 15, PENRITH, NSW, 2750","79-81, UNION ROAD, UNIT 15, PENRITH, NSW, 2750, AU",AU
"502-508, MOSS VALE ROAD, UNIT 32, BOWRAL, NSW, 2576","502-508, MOSS VALE ROAD, UNIT 32, BOWRAL, NSW, 2576, AU",AU
"222, BOTANY ROAD, UNIT 503, ALEXANDRIA, NSW, 2015","222, BOTANY ROAD, UNIT 503, ALEXANDRIA, NSW, 2015, AU",AU
"5, TURNER STREET, INDOOROOPILLY, QLD, 4068","5, TURNER STREET, INDOOROOPILLY, QLD, 4068, AU",AU
"48, MULLUM MULLUM ROAD, RINGWOOD, VIC, 3134","48, MULLUM MULLUM ROAD, RINGWOOD, VIC, 3134, AU",AU
"24, ST ARNAUD ROAD, EYNESBURY, VIC, 3338","24, ST ARNAUD ROAD, EYNESBURY, VIC, 3338, AU",AU
"LOT 52, EIGHTH STREET, FARINA, SA, 5731","LOT 52, EIGHTH STREET, FARINA, SA, 5731, AU",AU
"123, WARRIMOO AVENUE, ST IVES CHASE, NSW, 2075","123, WARRIMOO AVENUE, ST IVES CHASE, NSW, 2075, AU",AU
"49, MONTGOMERY ROAD, MONTGOMERY, VIC, 3851","49, MONTGOMERY ROAD, MONTGOMERY, VIC, 3851, AU",AU
"470, COLLINS STREET, SUITE 5, MELBOURNE, VIC, 3000","470, COLLINS STREET, SUITE 5, MELBOURNE, VIC, 3000, AU",AU
"18, HULL STREET, UNIT 5, GLENORCHY, TAS, 7010","18, HULL STREET, UNIT 5, GLENORCHY, TAS, 7010, AU",AU
"22, RAILWAY ROAD, UNIT 4, SUBIACO, WA, 6008","22, RAILWAY ROAD, UNIT 4, SUBIACO, WA, 6008, AU",AU
"48, RM WILLIAMS DRIVE, WALKLEY HEIGHTS, SA, 5098","48, RM WILLIAMS DRIVE, WALKLEY HEIGHTS, SA, 5098, AU",AU
"4-6, CLIFTON STREET, UNIT 14, BLACKTOWN, NSW, 2148","4-6, CLIFTON STREET, UNIT 14, BLACKTOWN, NSW, 2148, AU",AU
"3, FLORIZEL STREET, COOLBELLUP, WA, 6163","3, FLORIZEL STREET, COOLBELLUP, WA, 6163, AU",AU
"1, DALMAR PLACE, UNIT 133, CARLINGFORD, NSW, 2118","1, DALMAR PLACE, UNIT 133, CARLINGFORD, NSW, 2118, AU",AU
"100, RIDGEVIEW STREET, CARINDALE, QLD, 4152","100, RIDGEVIEW STREET, CARINDALE, QLD, 4152, AU",AU
"24, LUMSDEN STREET, KILMORE, VIC, 3764","24, LUMSDEN STREET, KILMORE, VIC, 3764, AU",AU
"2, MANCA COURT, UNIT 4, PORTLAND, VIC, 3305","2, MANCA COURT, UNIT 4, PORTLAND, VIC, 3305, AU",AU
"319, ORRONG ROAD, UNIT 1, ST KILDA EAST, VIC, 3183","319, ORRONG ROAD, UNIT 1, ST KILDA EAST, VIC, 3183, AU",AU
"345-347, ELIZABETH DRIVE, UNIT 6, MOUNT PRITCHARD, NSW, 2170","345-347, ELIZABETH DRIVE, UNIT 6, MOUNT PRITCHARD, NSW, 2170, AU",AU
"9, DURHAM COURT, KAWUNGAN, QLD, 4655","9, DURHAM COURT, KAWUNGAN, QLD, 4655, AU",AU
"8, LONG ISLAND CIRCUIT, CRAIGIEBURN, VIC, 3064","8, LONG ISLAND CIRCUIT, CRAIGIEBURN, VIC, 3064, AU",AU
"9, DEBRA CRESCENT, SALISBURY EAST, SA, 5109","9, DEBRA CRESCENT, SALISBURY EAST, SA, 5109, AU",AU
"14, DERBY STREET, MINTO HEIGHTS, NSW, 2566","14, DERBY STREET, MINTO HEIGHTS, NSW, 2566, AU",AU
"43, IRONBARK DRIVE, TEMPLESTOWE LOWER, VIC, 3107","43, IRONBARK DRIVE, TEMPLESTOWE LOWER, VIC, 3107, AU",AU
"44, JONES STREET, MOOLOOLAH VALLEY, QLD, 4553","44, JONES STREET, MOOLOOLAH VALLEY, QLD, 4553, AU",AU
"26, SHAMROCK COURT, CHUWAR, QLD, 4306","26, SHAMROCK COURT, CHUWAR, QLD, 4306, AU",AU
"33, GLEBE ROAD, UNIT 1, THE JUNCTION, NSW, 2291","33, GLEBE ROAD, UNIT 1, THE JUNCTION, NSW, 2291, AU",AU
"303, UPPER PENNEYS HILL ROAD, ONKAPARINGA HILLS, SA, 5163","303, UPPER PENNEYS HILL ROAD, ONKAPARINGA HILLS, SA, 5163, AU",AU
"22B, CHARTER CRESCENT, ROCKVILLE, QLD, 4350","22B, CHARTER CRESCENT, ROCKVILLE, QLD, 4350, AU",AU
"91, CHAPMAN STREET, UNIT 1, CALLALA BAY, NSW, 2540","91, CHAPMAN STREET, UNIT 1, CALLALA BAY, NSW, 2540, AU",AU
"1, BOYLAND WAY, DUPLEX 2, RIPLEY, QLD, 4306","1, BOYLAND WAY, DUPLEX 2, RIPLEY, QLD, 4306, AU",AU
"518, BLUFF ROAD, UNIT 1, HAMPTON, VIC, 3188","518, BLUFF ROAD, UNIT 1, HAMPTON, VIC, 3188, AU",AU
"9, RUPARA CIRCLE, QUINNS ROCKS, WA, 6030","9, RUPARA CIRCLE, QUINNS ROCKS, WA, 6030, AU",AU
"11, DENHAM AVENUE, DENHAMS BEACH, NSW, 2536","11, DENHAM AVENUE, DENHAMS BEACH, NSW, 2536, AU",AU
"4, WINHAM AVENUE, OLD REYNELLA, SA, 5161","4, WINHAM AVENUE, OLD REYNELLA, SA, 5161, AU",AU
"15, SHILLINGTON PLACE, WISHART, QLD, 4122","15, SHILLINGTON PLACE, WISHART, QLD, 4122, AU",AU
"4, DAVENPORT DRIVE, WALLACIA, NSW, 2745","4, DAVENPORT DRIVE, WALLACIA, NSW, 2745, AU",AU
"2387, PEELWOOD ROAD, LAGGAN, NSW, 2583","2387, PEELWOOD ROAD, LAGGAN, NSW, 2583, AU",AU
"9, LINES STREET, GRANGE, SA, 5022","9, LINES STREET, GRANGE, SA, 5022, AU",AU
"12, ARDEN AVENUE, DEVONPORT, TAS, 7310","12, ARDEN AVENUE, DEVONPORT, TAS, 7310, AU",AU
"9A, FIGTREE CRESCENT, UNIT 8, FIGTREE, NSW, 2525","9A, FIGTREE CRESCENT, UNIT 8, FIGTREE, NSW, 2525, AU",AU
"31, MADISSON CRESCENT, CARRUM DOWNS, VIC, 3201","31, MADISSON CRESCENT, CARRUM DOWNS, VIC, 3201, AU",AU
"16, SMITH AVENUE, WARRNAMBOOL, VIC, 3280","16, SMITH AVENUE, WARRNAMBOOL, VIC, 3280, AU",AU
"1, Chemin des Remparts, 6810","1, Chemin des Remparts, 6810, BE",BE
"110, J. B. Woutersstraat, 1652","110, J. B. Woutersstraat, 1652, BE",BE
"17, Vrijheid, 9500","17, Vrijheid, 9500, BE",BE
"11, Lang-Levenstraat, 1050","11, Lang-Levenstraat, 1050, BE",BE
"20, Kerkhoflei, Zemst, 1981","20, Kerkhoflei, Zemst, 1981, BE",BE
"26, Grote Markt, Dendermonde, 9200","26, Grote Markt, Dendermonde, 9200, BE",BE
"35, Averbodesesteenweg, 2230","35, Averbodesesteenweg, 2230, BE",BE
"16, Beschavingstraat, Antwerpen, 2020","16, Beschavingstraat, Antwerpen, 2020, BE",BE
"100, Nieuwmoersesteenweg, 2910","100, Nieuwmoersesteenweg, 2910, BE",BE
"75, Avenue Henri de Brouckère, Auderghem, 1160","75, Avenue Henri de Brouckère, Auderghem, 1160, BE",BE
"9, Meikapelstraat, Lendelede, 8860","9, Meikapelstraat, Lendelede, 8860, BE",BE
"137, Linderstraat, Tongeren, 3700","137, Linderstraat, Tongeren, 3700, BE",BE
"5, Kerkplein, 3620","5, Kerkplein, 3620, BE",BE
"5, Rue de l'Evêque, b035, 1000","5, Rue de l'Evêque, b035, 1000, BE",BE
"10, Bovenstraat, Lummen, 3560","10, Bovenstraat, Lummen, 3560, BE",BE
"111, Burgemeester Gillonlaan, 8500","111, Burgemeester Gillonlaan, 8500, BE",BE
"35, 4710","35, 4710, BE",BE
"1, Pastoor Soeteweystraat, 4, 2640","1, Pastoor Soeteweystraat, 4, 2640, BE",BE
"58, Reinaertstraat, 103, 1702","58, Reinaertstraat, 103, 1702, BE",BE
"47, Rue Reper-Vreven, 1020","47, Rue Reper-Vreven, 1020, BE",BE
"93, Rue de Pâturages, 7041","93, Rue de Pâturages, 7041, BE",BE
"22, 4730","22, 4730, BE",BE
"87, Kaboutermansstraat, 0001, 3000","87, Kaboutermansstraat, 0001, 3000, BE",BE
"31, Jean Stasstraat, 0002, 1060","31, Jean Stasstraat, 0002, 1060, BE",BE
"12, Zebrastraat, 9000","12, Zebrastraat, 9000, BE",BE
"12, Ooienbergstraat, Boutersem, 3370","12, Ooienbergstraat, Boutersem, 3370, BE",BE
"23, Meersstraat, Gent, 9000","23, Meersstraat, Gent, 9000, BE",BE
"44, Rue Borrens, 002e, 1050","44, Rue Borrens, 002e, 1050, BE",BE
"82, Rue de Mons, 7080","82, Rue de Mons, 7080, BE",BE
"367, Alfons Braeckmanlaan, Gent, 9040","367, Alfons Braeckmanlaan, Gent, 9040, BE",BE
"32, Dennenboslaan, Overijse, 3090","32, Dennenboslaan, Overijse, 3090, BE",BE
"4, Avenue des Combattants, Bte5, 5500","4, Avenue des Combattants, Bte5, 5500, BE",BE
"42, Rue des Jardins, 5580","42, Rue des Jardins, 5580, BE",BE
"227W, Heirweg, 9190","227W, Heirweg, 9190, BE",BE
"162, Komenseweg, GLVB, 8902","162, Komenseweg, GLVB, 8902, BE",BE
"14, Luitberg, B003, 1853","14, Luitberg, B003, 1853, BE",BE
"57, Klinkaertstraat, Dendermonde, 9200","57, Klinkaertstraat, Dendermonde, 9200, BE",BE
"14, Zandvoordestraat, Oostende, 8400","14, Zandvoordestraat, Oostende, 8400, BE",BE
"39, Staatsbaan, Zulte, 9870","39, Staatsbaan, Zulte, 9870, BE",BE
"9, Ballaststraat, 3900","9, Ballaststraat, 3900, BE",BE
"62, Rue Jules Delhaize, Molenbeek-Saint-Jean, 1080","62, Rue Jules Delhaize, Molenbeek-Saint-Jean, 1080, BE",BE
"78, Adolf Queteletlaan, 2650","78, Adolf Queteletlaan, 2650, BE",BE
"47, Bakkershoefstraat, Dilsen-Stokkem, 3650","47, Bakkershoefstraat, Dilsen-Stokkem, 3650, BE",BE
"31, Nieuwstraat, Leuven, 3018","31, Nieuwstraat, Leuven, 3018, BE",BE
"40, Henri Permekeplein, 8970","40, Henri Permekeplein, 8970, BE",BE
"23, Avenue de l'Europe, 4020","23, Avenue de l'Europe, 4020, BE",BE
"3, Patriottenstraat, 4, 2300","3, Patriottenstraat, 4, 2300, BE",BE
"48, De Kempkens, 3930","48, De Kempkens, 3930, BE",BE
"5, Chaletstraat, Oostende, 8400","5, Chaletstraat, Oostende, 8400, BE",BE
"102, Langestraat, 1790","102, Langestraat, 1790, BE",BE
"14, Rue des Dominicains, 7618","14, Rue des Dominicains, 7618, BE",BE
"14, Onledebeekstraat, 8800","14, Onledebeekstraat, 8800, BE",BE
"39, Spoorwegstraat, 2220","39, Spoorwegstraat, 2220, BE",BE
"117, Parklaan, Kruibeke, 9150","117, Parklaan, Kruibeke, 9150, BE",BE
"79, Sint-Henricusstraat, 8820","79, Sint-Henricusstraat, 8820, BE",BE
"18, Chaussée de Wemmel, Jette, 1090","18, Chaussée de Wemmel, Jette, 1090, BE",BE
"38, Kempenstraat, 3650","38, Kempenstraat, 3650, BE",BE
"35, Kapiteinstraat, 9000","35, Kapiteinstraat, 9000, BE",BE
"127, Moeresteenweg, 8660","127, Moeresteenweg, 8660, BE",BE
"20, Molenweg, Linter, 3350","20, Molenweg, Linter, 3350, BE",BE
"550, Jubileumlaan, 9000","550, Jubileumlaan, 9000, BE",BE
"54, 4780","54, 4780, BE",BE
"34, Rietvoornstraat, Harelbeke, 8530","34, Rietvoornstraat, Harelbeke, 8530, BE",BE
"162A, Henri Jasparlaan, Middelkerke, 8434","162A, Henri Jasparlaan, Middelkerke, 8434, BE",BE
"349, Sint-Bernardsesteenweg, 2, 2660","349, Sint-Bernardsesteenweg, 2, 2660, BE",BE
"31B, Pijpenhof, Bilzen, 3740","31B, Pijpenhof, Bilzen, 3740, BE",BE
"42, Avenue Mutsaard, Bruxelles, 1020","42, Avenue Mutsaard, Bruxelles, 1020, BE",BE
"115, Dorpsstraat, 3900","115, Dorpsstraat, 3900, BE",BE
"11, Parc de la Sablonnière, 0-82, 7000","11, Parc de la Sablonnière, 0-82, 7000, BE",BE
"13, Koningin Astridlaan, 8520","13, Koningin Astridlaan, 8520, BE",BE
"16, Calangebos, 9930","16, Calangebos, 9930, BE",BE
"294, Rue de Gaillarmont, 4032","294, Rue de Gaillarmont, 4032, BE",BE
"158, Koningslaan, Knokke-Heist, 8300","158, Koningslaan, Knokke-Heist, 8300, BE",BE
"28, Bril, Lier, 2500","28, Bril, Lier, 2500, BE",BE
"1, Rue du Ruau, 6250","1, Rue du Ruau, 6250, BE",BE
"25, Clarissenstraat, 9000","25, Clarissenstraat, 9000, BE",BE
"157, Daalstraat, 3, 1790","157, Daalstraat, 3, 1790, BE",BE
"34, Sparrestraat, 9000","34, Sparrestraat, 9000, BE",BE
"230, Fauvin, 5540","230, Fauvin, 5540, BE",BE
"43, Dr. R. Lambrechtslaan, 101, 1700","43, Dr. R. Lambrechtslaan, 101, 1700, BE",BE
"2, Koninklijke-Prinsstraat, Elsene, 1050","2, Koninklijke-Prinsstraat, Elsene, 1050, BE",BE
"3, Kerkstraat, Dentergem, 8720","3, Kerkstraat, Dentergem, 8720, BE",BE
"52, Chaussée de Wavre, 1350","52, Chaussée de Wavre, 1350, BE",BE
"148, Steenweg op Merchtem, 1780","148, Steenweg op Merchtem, 1780, BE",BE
"1, Meeslaan, Brasschaat, 2930","1, Meeslaan, Brasschaat, 2930, BE",BE
"13, Overwinningsstraat, Sint-Gillis, 1060","13, Overwinningsstraat, Sint-Gillis, 1060, BE",BE
"14, Rue Les-Vennes, 5377","14, Rue Les-Vennes, 5377, BE",BE
"13, Ommegangstraat, 9800","13, Ommegangstraat, 9800, BE",BE
"85, Sterrestraat, 8680","85, Sterrestraat, 8680, BE",BE
"99, Torenvenstraat, Nijlen, 2560","99, Torenvenstraat, Nijlen, 2560, BE",BE
"70, Merksemsebaan, Wijnegem, 2110","70, Merksemsebaan, Wijnegem, 2110, BE",BE
"406, Coupure, Gent, 9000","406, Coupure, Gent, 9000, BE",BE
"101, Vremdesesteenweg, 2530","101, Vremdesesteenweg, 2530, BE",BE
"63a, Rue de Sommethonne, 6769","63a, Rue de Sommethonne, 6769, BE",BE
"80, Pauwelstraat, 9500","80, Pauwelstraat, 9500, BE",BE
"4, Rue des Taxandres, 1040","4, Rue des Taxandres, 1040, BE",BE
"20, Kleistraat, 1770","20, Kleistraat, 1770, BE",BE
"382, Bosstraat, b006, 1150","382, Bosstraat, b006, 1150, BE",BE
"18, Jos Cremersstraat, Wommelgem, 2160","18, Jos Cremersstraat, Wommelgem, 2160, BE",BE
"257, Brusselsesteenweg, 1730","257, Brusselsesteenweg, 1730, BE",BE
"34, Kosterstraat, Lille, 2275","34, Kosterstraat, Lille, 2275, BE",BE
"183, A. Ruzettelaan, 2C1, 8370","183, A. Ruzettelaan, 2C1, 8370, BE",BE
"52D, Bergstraat, 1000","52D, Bergstraat, 1000, BE",BE
"42, Asserendries, 9300","42, Asserendries, 9300, BE",BE
"6, de Haernestraat, 1040","6, de Haernestraat, 1040, BE",BE
"73, Churchilllaan, Waregem, 8790","73, Churchilllaan, Waregem, 8790, BE",BE
"8, Bloemendaalstraat, Bilzen, 3740","8, Bloemendaalstraat, Bilzen, 3740, BE",BE
"42, Rue Auguste Lumière, 1190","42, Rue Auguste Lumière, 1190, BE",BE
"12, Omer Lepreuxstraat, ET01, 1081","12, Omer Lepreuxstraat, ET01, 1081, BE",BE
"5, Befferdreef, 2820","5, Befferdreef, 2820, BE",BE
"9, Boogstraat, 3670","9, Boogstraat, 3670, BE",BE
"27, Weegschaalbinnenhof, Sint-Lambrechts-Woluwe, 1200","27, Weegschaalbinnenhof, Sint-Lambrechts-Woluwe, 1200, BE",BE
"106, Rue de l'Aqueduc, 1050","106, Rue de l'Aqueduc, 1050, BE",BE
"1, Rhodestraat, 3450","1, Rhodestraat, 3450, BE",BE
"275B, Rue Sainte-Marguerite, 4000","275B, Rue Sainte-Marguerite, 4000, BE",BE
"4, Parelstraat, Sint-Jans-Molenbeek, 1080","4, Parelstraat, Sint-Jans-Molenbeek, 1080, BE",BE
"36, Kamelialaan, Sint-Pieters-Woluwe, 1150","36, Kamelialaan, Sint-Pieters-Woluwe, 1150, BE",BE
"32, Aartshertogstraat, Oostende, 8400","32, Aartshertogstraat, Oostende, 8400, BE",BE
"11, Minderbroedersstraat, Leuven, 3000","11, Minderbroedersstraat, Leuven, 3000, BE",BE
"27, J. Verlooyplein, 2235","27, J. Verlooyplein, 2235, BE",BE
"19, Rueelstraat, 3680","19, Rueelstraat, 3680, BE",BE
"28, Belva, 7730","28, Belva, 7730, BE",BE
"34, Akkerloopstraat, 2322","34, Akkerloopstraat, 2322, BE",BE
"17, Jachtlaan, Balen, 2490","17, Jachtlaan, Balen, 2490, BE",BE
"127, Leopoldlaan, Pelt, 3900","127, Leopoldlaan, Pelt, 3900, BE",BE
"6, Avenue Jeanne, 1330","6, Avenue Jeanne, 1330, BE",BE
"80, Sint-Amandstraat, 0302, 9000","80, Sint-Amandstraat, 0302, 9000, BE",BE
"41, Zavel, Lebbeke, 9280","41, Zavel, Lebbeke, 9280, BE",BE
"28, Populierenlaan, 9470","28, Populierenlaan, 9470, BE",BE
"42, Avenue de la Plante, 5000","42, Avenue de la Plante, 5000, BE",BE
"3, Scheldekaai, 008, 8581","3, Scheldekaai, 008, 8581, BE",BE
"11, Koning Albertstraat, 3600","11, Koning Albertstraat, 3600, BE",BE
"24, Lange Kroonstraat, Boechout, 2530","24, Lange Kroonstraat, Boechout, 2530, BE",BE
"44_0003, Kalmthoutsesteenweg, 2950","44_0003, Kalmthoutsesteenweg, 2950, BE",BE
"52, Achterheidestraat, Rotselaar, 3110","52, Achterheidestraat, Rotselaar, 3110, BE",BE
"11, Guido van Arezzoplein, Ukkel, 1180","11, Guido van Arezzoplein, Ukkel, 1180, BE",BE
"46, Rue des Carrières, 7181","46, Rue des Carrières, 7181, BE",BE
"65, Wampenberg, Arendonk, 2370","65, Wampenberg, Arendonk, 2370, BE",BE
"72, Avenue de l'Armée, 1040","72, Avenue de l'Armée, 1040, BE",BE
"53, Rue Victor Lefèvre, ET01, 1030","53, Rue Victor Lefèvre, ET01, 1030, BE",BE
"8, Rue du Rouvroir, 7610","8, Rue du Rouvroir, 7610, BE",BE
"43, Schierveldestraat, Roeselare, 8800","43, Schierveldestraat, Roeselare, 8800, BE",BE
"12, Rue des Charmes, 5100","12, Rue des Charmes, 5100, BE",BE
"160, Kempische Kaai, 7, 3500","160, Kempische Kaai, 7, 3500, BE",BE
"8, Ter Ferrants, Kuurne, 8520","8, Ter Ferrants, Kuurne, 8520, BE",BE
"62_2, Ter Rivierenlaan, Antwerpen, 2100","62_2, Ter Rivierenlaan, Antwerpen, 2100, BE",BE
"13, Kerkwijk, Stekene, 9190","13, Kerkwijk, Stekene, 9190, BE",BE
"31, Dommellaan, Peer, 3990","31, Dommellaan, Peer, 3990, BE",BE
"4, Rue Joseph Jacques, 6850","4, Rue Joseph Jacques, 6850, BE",BE
"12, Zwartven, 2910","12, Zwartven, 2910, BE",BE
"14, Rue Lambermont, 1330","14, Rue Lambermont, 1330, BE",BE
"39, Chaussée des Nerviens, 0015, 1300","39, Chaussée des Nerviens, 0015, 1300, BE",BE
"9, Wisbeley, 6800","9, Wisbeley, 6800, BE",BE
"20, Lisstraat, Beernem, 8730","20, Lisstraat, Beernem, 8730, BE",BE
"920, Rijksweg, Dilsen-Stokkem, 3650","920, Rijksweg, Dilsen-Stokkem, 3650, BE",BE
"43, Hippolyte Metdepenningenstraat, Gent, 9000","43, Hippolyte Metdepenningenstraat, Gent, 9000, BE",BE
"13, Avenue des Sorbiers, 2, 1180","13, Avenue des Sorbiers, 2, 1180, BE",BE
"3D, Avenue de l'Hôpital, 5-2, 7000","3D, Avenue de l'Hôpital, 5-2, 7000, BE",BE
"25, Justitiestraat, Antwerpen, 2018","25, Justitiestraat, Antwerpen, 2018, BE",BE
"22, Zwanenlaan, 1640","22, Zwanenlaan, 1640, BE",BE
"1, Vlonderse Hoek, Tervuren, 3080","1, Vlonderse Hoek, Tervuren, 3080, BE",BE
"10, Baarlekouter, 9031","10, Baarlekouter, 9031, BE",BE
"40, Larkendreef, 2960","40, Larkendreef, 2960, BE",BE
"43, Rue Godecharle, Ixelles, 1050","43, Rue Godecharle, Ixelles, 1050, BE",BE
"94, Rue Massart, 7020","94, Rue Massart, 7020, BE",BE
"9A, Rue Préal, 6997","9A, Rue Préal, 6997, BE",BE
"82, Europaplein, 9060","82, Europaplein, 9060, BE",BE
"52, Ankerrui, 2000","52, Ankerrui, 2000, BE",BE
"52, Processieweg, 3560","52, Processieweg, 3560, BE",BE
"38, Dennenlaan, Oosterzele, 9860","38, Dennenlaan, Oosterzele, 9860, BE",BE
"16, Komijnstraat, 0001, 9000","16, Komijnstraat, 0001, 9000, BE",BE
"35, Avenue Pénélope, 0004, 1190","35, Avenue Pénélope, 0004, 1190, BE",BE
"62, Boulevard de la Résistance, 02.1, 1400","62, Boulevard de la Résistance, 02.1, 1400, BE",BE
"7, Meerhoef, Leopoldsburg, 3971","7, Meerhoef, Leopoldsburg, 3971, BE",BE
"29A, Groenstraat, Sint-Katelijne-Waver, 2860","29A, Groenstraat, Sint-Katelijne-Waver, 2860, BE",BE
"11, Gery Helderenberglaan, 9340","11, Gery Helderenberglaan, 9340, BE",BE
"2B, Berkenstraat, 8820","2B, Berkenstraat, 8820, BE",BE
"8, Speltreep, Assenede, 9960","8, Speltreep, Assenede, 9960, BE",BE
"39, Rue Berré, Jette, 1090","39, Rue Berré, Jette, 1090, BE",BE
"1, Rue des Carrières, 0302, 5000","1, Rue des Carrières, 0302, 5000, BE",BE
"1, Rue des Hauts Tiennes, 1420","1, Rue des Hauts Tiennes, 1420, BE",BE
"55, Boogschutterslaan, 3, 8310","55, Boogschutterslaan, 3, 8310, BE",BE
"33, Langemuren, 9400","33, Langemuren, 9400, BE",BE
"17, Dorperheidestraat, Pelt, 3900","17, Dorperheidestraat, Pelt, 3900, BE",BE
"11, Kattenhoflaan, GVR, 2960","11, Kattenhoflaan, GVR, 2960, BE",BE
"14, R. Van Ostaeyenlaan, Brecht, 2960","14, R. Van Ostaeyenlaan, Brecht, 2960, BE",BE
"78, Heerdweg, 9800","78, Heerdweg, 9800, BE",BE
"28, Avenue d'Itterbeek, 1eET, 1070","28, Avenue d'Itterbeek, 1eET, 1070, BE",BE
"2, Legeweg, Aalst, 9308","2, Legeweg, Aalst, 9308, BE",BE
"186A, Vakebuurtstraat, Maldegem, 9990","186A, Vakebuurtstraat, Maldegem, 9990, BE",BE
"12, Langveldstraat, Zonhoven, 3520","12, Langveldstraat, Zonhoven, 3520, BE",BE
"62, Rue du Méridien, 1210","62, Rue du Méridien, 1210, BE",BE
"114, Paul Parmentierlaan, Knokke-Heist, 8300","114, Paul Parmentierlaan, Knokke-Heist, 8300, BE",BE
"34A, Broedersstraat, Sint-Niklaas, 9100","34A, Broedersstraat, Sint-Niklaas, 9100, BE",BE
"2, Bosterhoutstraat, 8760","2, Bosterhoutstraat, 8760, BE",BE
"77, Rue du Chalet, 6792","77, Rue du Chalet, 6792, BE",BE
"46, Homborch, Uccle, 1180","46, Homborch, Uccle, 1180, BE",BE
"172, Eksterlaar, Borsbeek, 2150","172, Eksterlaar, Borsbeek, 2150, BE",BE
"68, Rue de Beaumont, 1390","68, Rue de Beaumont, 1390, BE",BE
"267, Spoorweglaan, 2610","267, Spoorweglaan, 2610, BE",BE
"60, Auguste Van Zandestraat, Sint-Agatha-Berchem, 1082","60, Auguste Van Zandestraat, Sint-Agatha-Berchem, 1082, BE",BE
"21, Leuterweg, Maasmechelen, 3630","21, Leuterweg, Maasmechelen, 3630, BE",BE
"196, Route de Namur, 6224","196, Route de Namur, 6224, BE",BE
"19, Rendries, 1540","19, Rendries, 1540, BE",BE
"14, Sparrestraat, Lievegem, 9920","14, Sparrestraat, Lievegem, 9920, BE",BE
"43, Millenniumhof, 3840","43, Millenniumhof, 3840, BE",BE
"105, Nieuwstraat, Rumst, 2840","105, Nieuwstraat, Rumst, 2840, BE",BE
"1, Dairomont, 00A1, 6698","1, Dairomont, 00A1, 6698, BE",BE
"29, Varsenareweg, 0P19, 8490","29, Varsenareweg, 0P19, 8490, BE",BE
"2C, Rue Lambermont, 1330","2C, Rue Lambermont, 1330, BE",BE
"72, Viaduct-Dam, 201, 2060","72, Viaduct-Dam, 201, 2060, BE",BE
"7, Cogelsplein, 201, 2100","7, Cogelsplein, 201, 2100, BE",BE
"11, Koningin Fabiolalaan, Knokke-Heist, 8300","11, Koningin Fabiolalaan, Knokke-Heist, 8300, BE",BE
"28, Rue Paul Janson, 4430","28, Rue Paul Janson, 4430, BE",BE
"22, Leeuwerikenlaan, Knokke-Heist, 8301","22, Leeuwerikenlaan, Knokke-Heist, 8301, BE",BE
"31, Schapenstraat, 3080","31, Schapenstraat, 3080, BE",BE
"16A, Volderstraat, 8700","16A, Volderstraat, 8700, BE",BE
"208, Rue Edith Cavell, 1180","208, Rue Edith Cavell, 1180, BE",BE
"9, Begoniastraat, 9120","9, Begoniastraat, 9120, BE",BE
"96, Emiel Vermeulenstraat, 2980","96, Emiel Vermeulenstraat, 2980, BE",BE
"140, Molenstraat, Dilbeek, 1700","140, Molenstraat, Dilbeek, 1700, BE",BE
"43, Rue Metsys, 1030","43, Rue Metsys, 1030, BE",BE
"1, Nachtegalenlaan, 8531","1, Nachtegalenlaan, 8531, BE",BE
"17, Vrombautstraat, Eeklo, 9900","17, Vrombautstraat, Eeklo, 9900, BE",BE
"243J, Genkersteenweg, 1.02, 3500","243J, Genkersteenweg, 1.02, 3500, BE",BE
"109, Driewilgenstraat, 3800","109, Driewilgenstraat, 3800, BE",BE
"3, R. Brulezstraat, 0001, 8370","3, R. Brulezstraat, 0001, 8370, BE",BE
"3, Wildstraat, Lommel, 3920","3, Wildstraat, Lommel, 3920, BE",BE
"140, Kneippstraat, 3600","140, Kneippstraat, 3600, BE",BE
"125, Guillaume Stassartlaan, 0001, 1070","125, Guillaume Stassartlaan, 0001, 1070, BE",BE
"126, Parc Résidentiel Le Bosquet, 6440","126, Parc Résidentiel Le Bosquet, 6440, BE",BE
"1761, rue Saint-Hubert","1761, rue Saint-Hubert, CA",CA
"4352, VENABLES ST","4352, VENABLES ST, CA",CA
"11959, 103A Ave, SURREY","11959, 103A Ave, SURREY, CA",CA
"748, Valley  Rd, Wentworth, Cumberland County","748, Valley  Rd, Wentworth, Cumberland County, CA",CA
"1487, boulevard Alexis-Nihon","1487, boulevard Alexis-Nihon, CA",CA
"308, Rue Bélanger","308, Rue Bélanger, CA",CA
"120, ELMIRA RD - RTE 16A, SOUTH LAKE, KNS","120, ELMIRA RD - RTE 16A, SOUTH LAKE, KNS, CA",CA
"52, Ivy Lea Place, City of Hamilton, Ontario","52, Ivy Lea Place, City of Hamilton, Ontario, CA",CA
"187, Argyle St, former Toronto","187, Argyle St, former Toronto, CA",CA
"87, GRASSINGTON CRES, Brampton","87, GRASSINGTON CRES, Brampton, CA",CA
"121, Rue Saint-Henri","121, Rue Saint-Henri, CA",CA
"630, rue Dominion","630, rue Dominion, CA",CA
"535, McNabb Street, SSM, P6B 1Z5","535, McNabb Street, SSM, P6B 1Z5, CA",CA
"1028, KINCORA DR NW","1028, KINCORA DR NW, CA",CA
"3280, OLIVIER-BEAULIEU, J4N0G8","3280, OLIVIER-BEAULIEU, J4N0G8, CA",CA
"1687, King Street East, 2L, City of Hamilton, Ontario","1687, King Street East, 2L, City of Hamilton, Ontario, CA",CA
Township Road 332,"Township Road 332, CA",CA
"453, Broadgreen Street, Pickering","453, Broadgreen Street, Pickering, CA",CA
"207, Allegretto Way","207, Allegretto Way, CA",CA
"1194, ROSENTHAL BOULEVARD NW","1194, ROSENTHAL BOULEVARD NW, CA",CA
"15, MAYO AVE","15, MAYO AVE, CA",CA
"1545, Albion Rd, Etobicoke","1545, Albion Rd, Etobicoke, CA",CA
"139, 52327 Range Road 233, STRATHCONA","139, 52327 Range Road 233, STRATHCONA, CA",CA
"7, ALEXANDER ST, ST. JOHN'S, A1E 2T5","7, ALEXANDER ST, ST. JOHN'S, A1E 2T5, CA",CA
"42, SKYE LN, NEW LONDON, QUN","42, SKYE LN, NEW LONDON, QUN, CA",CA
"3515, ALLAN DRIVE SW","3515, ALLAN DRIVE SW, CA",CA
"1115, rue Osborne","1115, rue Osborne, CA",CA
"688, Park St N, Peterborough","688, Park St N, Peterborough, CA",CA
"580, Ontario Street, Plympton-Wyoming","580, Ontario Street, Plympton-Wyoming, CA",CA
"77, Borers Creek Circle, City of Hamilton, Ontario","77, Borers Creek Circle, City of Hamilton, Ontario, CA",CA
"1219, Pelham Street, Pelham","1219, Pelham Street, Pelham, CA",CA
"78, Mountain Mint Cres, Kitchener","78, Mountain Mint Cres, Kitchener, CA",CA
"1254, 37e Avenue","1254, 37e Avenue, CA",CA
"710 Highway, Hatfield Point, Kings","710 Highway, Hatfield Point, Kings, CA",CA
"18417, 85 AVENUE NW","18417, 85 AVENUE NW, CA",CA
"4020, Twenty-third Street, Lincoln","4020, Twenty-third Street, Lincoln, CA",CA
"73, Gleave Terrace, Milton, ON","73, Gleave Terrace, Milton, ON, CA",CA
"4, Antrim Cres, Scarborough","4, Antrim Cres, Scarborough, CA",CA
"8904, 149 STREET NW","8904, 149 STREET NW, CA",CA
"989, ROBERT E. HOWLETT MEMORIAL DR, ST. JOHN'S","989, ROBERT E. HOWLETT MEMORIAL DR, ST. JOHN'S, CA",CA
"556435, MULMUR-MELANCTHON TOWNLINE","556435, MULMUR-MELANCTHON TOWNLINE, CA",CA
"Snyder Road, Searsville, Kings","Snyder Road, Searsville, Kings, CA",CA
"20, John Neil George  Rd, Estmere, Victoria County","20, John Neil George  Rd, Estmere, Victoria County, CA",CA
"78, SOUTH DR","78, SOUTH DR, CA",CA
"4, KINGS CROSS RD, 1412, Brampton","4, KINGS CROSS RD, 1412, Brampton, CA",CA
"2560, WARK ST, 106","2560, WARK ST, 106, CA",CA
"180, Bold Street, 2406, City of Hamilton, Ontario","180, Bold Street, 2406, City of Hamilton, Ontario, CA",CA
"476, ST ANDREWS POINT RD, LOWER MONTAGUE, KNS","476, ST ANDREWS POINT RD, LOWER MONTAGUE, KNS, CA",CA
"132, Rue Elzéar-Lafleur","132, Rue Elzéar-Lafleur, CA",CA
"13, Ronald Bloore Drive, Sarnia","13, Ronald Bloore Drive, Sarnia, CA",CA
"58, Rue Riverview","58, Rue Riverview, CA",CA
"2616, rue Légaré","2616, rue Légaré, CA",CA
"2229, UTLEY RD, Mississauga","2229, UTLEY RD, Mississauga, CA",CA
"165, boulevard Curé-Labelle","165, boulevard Curé-Labelle, CA",CA
"16, Oakdale AVE","16, Oakdale AVE, CA",CA
"19, Cedardale Avenue, St. Catharines","19, Cedardale Avenue, St. Catharines, CA",CA
"4, Archwood Cres, Scarborough","4, Archwood Cres, Scarborough, CA",CA
"1571, CAMPBELL AVE","1571, CAMPBELL AVE, CA",CA
"83, Braemar Ave, former Toronto","83, Braemar Ave, former Toronto, CA",CA
"496, Montcalm Dr, Peterborough","496, Montcalm Dr, Peterborough, CA",CA
"50, Halson Street, City of Hamilton, Ontario","50, Halson Street, City of Hamilton, Ontario, CA",CA
"22679, LOYALIST PARKWAY, 1","22679, LOYALIST PARKWAY, 1, CA",CA
"157, Mayla Drive, Oakville, ON","157, Mayla Drive, Oakville, ON, CA",CA
"25, BAYVIEW DR, HEAD OF ST MARGARETS BAY, B3Z 2A5","25, BAYVIEW DR, HEAD OF ST MARGARETS BAY, B3Z 2A5, CA",CA
"1780A, Eglinton Ave W, York","1780A, Eglinton Ave W, York, CA",CA
"898, EDWARD AVE","898, EDWARD AVE, CA",CA
"211, Beverley St, former Toronto","211, Beverley St, former Toronto, CA",CA
"2736, 620 Highway, Hamtown Corner, York","2736, 620 Highway, Hamtown Corner, York, CA",CA
"7848, Route 112, Hunters Home, Queens","7848, Route 112, Hunters Home, Queens, CA",CA
"217, MARTIN ST ST, PENTICTON","217, MARTIN ST ST, PENTICTON, CA",CA
"468, rue Hudon","468, rue Hudon, CA",CA
"640, rue Woodland","640, rue Woodland, CA",CA
"272, SOUTHAMPTON DR, COLE HARBOUR, B2V 2V9","272, SOUTHAMPTON DR, COLE HARBOUR, B2V 2V9, CA",CA
"924, KILKENNY DR","924, KILKENNY DR, CA",CA
"32, Glen Long Ave, North York","32, Glen Long Ave, North York, CA",CA
"7553, avenue Christophe-Colomb","7553, avenue Christophe-Colomb, CA",CA
"50, MacKenzie  Dr, Big Bras d'Or, Victoria County","50, MacKenzie  Dr, Big Bras d'Or, Victoria County, CA",CA
"2875, THACKER DR","2875, THACKER DR, CA",CA
"3818, TASCHEREAU, J4V2H9","3818, TASCHEREAU, J4V2H9, CA",CA
"58, Dundonald Street, St. Catharines, L2P3V6","58, Dundonald Street, St. Catharines, L2P3V6, CA",CA
"30, AUSTRALIA DR, Brampton","30, AUSTRALIA DR, Brampton, CA",CA
"1600, STRACHAN RD SE, 104, T1B4M3","1600, STRACHAN RD SE, 104, T1B4M3, CA",CA
"90, MICHIGAN AVE","90, MICHIGAN AVE, CA",CA
"4065, BRICKSTONE MEWS, 2805, Mississauga","4065, BRICKSTONE MEWS, 2805, Mississauga, CA",CA
"7725, avenue Querbes","7725, avenue Querbes, CA",CA
"13, Charnby Place, St. Catharines, L2N6Y3","13, Charnby Place, St. Catharines, L2N6Y3, CA",CA
"986, TURNERS RD","986, TURNERS RD, CA",CA
"83, WIGLE ST","83, WIGLE ST, CA",CA
"5, DORKING DR, BRAMPTON","5, DORKING DR, BRAMPTON, CA",CA
"5231, 41 Street Crescent, INNISFAIL","5231, 41 Street Crescent, INNISFAIL, CA",CA
"124, WALTHEN DR, CHARLOTTETOWN, QUN","124, WALTHEN DR, CHARLOTTETOWN, QUN, CA",CA
"170, Shepton Way, Scarborough","170, Shepton Way, Scarborough, CA",CA
"392, EARL ST","392, EARL ST, CA",CA
"5249, 20 AVENUE SW","5249, 20 AVENUE SW, CA",CA
"45-254, Marconi Blvd, 45","45-254, Marconi Blvd, 45, CA",CA
"11, HEDLEY CRT, BRAMPTON","11, HEDLEY CRT, BRAMPTON, CA",CA
"4133, ODESSA CT","4133, ODESSA CT, CA",CA
"1886, KIRKWALL CRES, Mississauga","1886, KIRKWALL CRES, Mississauga, CA",CA
"8, LISA ST, 508, BRAMPTON","8, LISA ST, 508, BRAMPTON, CA",CA
"23, KELLY K ST","23, KELLY K ST, CA",CA
"346, LIARD ST","346, LIARD ST, CA",CA
"1514, Shore View Pl","1514, Shore View Pl, CA",CA
"766, rue Provost","766, rue Provost, CA",CA
"286, Phillips Road, Charters Settlement, York","286, Phillips Road, Charters Settlement, York, CA",CA
"28, WALKER BOULEVARD, NEW TECUMSETH","28, WALKER BOULEVARD, NEW TECUMSETH, CA",CA
"44, OCEANIC DR, EAST LAWRENCETOWN, B2Z 1T6","44, OCEANIC DR, EAST LAWRENCETOWN, B2Z 1T6, CA",CA
"10, WEST VIEW BOULEVARD NW","10, WEST VIEW BOULEVARD NW, CA",CA
"126, Sandford Road, Uxbridge","126, Sandford Road, Uxbridge, CA",CA
"968, Ritchie  Dr, Halifax, Halifax County","968, Ritchie  Dr, Halifax, Halifax County, CA",CA
"8932, BARTLETT ST, LANGLEY","8932, BARTLETT ST, LANGLEY, CA",CA
"35, Rue Lacombe","35, Rue Lacombe, CA",CA
"11, GATEWOOD RD","11, GATEWOOD RD, CA",CA
"5187, Cordova Bay RD, 22","5187, Cordova Bay RD, 22, CA",CA
"50, MARIER AVE","50, MARIER AVE, CA",CA
"2074, rue Bordeaux","2074, rue Bordeaux, CA",CA
"2281, rue Noël","2281, rue Noël, CA",CA
"401, PALISADES WAY, Strathcona County, AB","401, PALISADES WAY, Strathcona County, AB, CA",CA
"109, Chemin Old Route 2, Saint-André, Madawaska","109, Chemin Old Route 2, Saint-André, Madawaska, CA",CA
"155, CROSSBOW PLACE, 114","155, CROSSBOW PLACE, 114, CA",CA
"7115, REXWOOD RD, 28, Mississauga","7115, REXWOOD RD, 28, Mississauga, CA",CA
"6315, 135 AVENUE NW, 205","6315, 135 AVENUE NW, 205, CA",CA
"9, CL CALVO SOTELO, 10748","9, CL CALVO SOTELO, 10748, ES",ES
"4, CL BELLAS ARTES (MONTECANAL), 50012","4, CL BELLAS ARTES (MONTECANAL), 50012, ES",ES
"38, CL JULIAN RABANEDO, 28045","38, CL JULIAN RABANEDO, 28045, ES",ES
"2, CL CAPITAN FERNANDEZ, 45730","2, CL CAPITAN FERNANDEZ, 45730, ES",ES
"4, CL ROMERO EL (URB EL MAPA), 19160","4, CL ROMERO EL (URB EL MAPA), 19160, ES",ES
"1, CL RIO MIRA, 16004","1, CL RIO MIRA, 16004, ES",ES
"90, CL ZARAGOZA, 22400","90, CL ZARAGOZA, 22400, ES",ES
"21, LG BERES, 15149","21, LG BERES, 15149, ES",ES
"63, CL ZARZA, 49600","63, CL ZARZA, 49600, ES",ES
"2, CL SAN MARCOS, 13730","2, CL SAN MARCOS, 13730, ES",ES
"S/N, CM CLAVO EL, 35469","S/N, CM CLAVO EL, 35469, ES",ES
"20, CL AGUSTIN PASTOR, 44141","20, CL AGUSTIN PASTOR, 44141, ES",ES
"18, LG SEARAS-ANGOARES, 36867","18, LG SEARAS-ANGOARES, 36867, ES",ES
"11, PS BUENAVISTA, 14857","11, PS BUENAVISTA, 14857, ES",ES
"336, DS DISEMINADO P 22, 46389","336, DS DISEMINADO P 22, 46389, ES",ES
"39, AV ALACANT, 3202","39, AV ALACANT, 3202, ES",ES
"23X, CL REP ARGENTINA-FR (FRESNO VALDUERN), 24765","23X, CL REP ARGENTINA-FR (FRESNO VALDUERN), 24765, ES",ES
"17, CL RIO, 28749","17, CL RIO, 28749, ES",ES
"147, AV PORTUGAL, 28011","147, AV PORTUGAL, 28011, ES",ES
"S/N, LG DISEMINADOS, 3410","S/N, LG DISEMINADOS, 3410, ES",ES
"171, UR SIERRA GORDA (UR8), 29120","171, UR SIERRA GORDA (UR8), 29120, ES",ES
"15, CL JOAN MARAGALL, 25182","15, CL JOAN MARAGALL, 25182, ES",ES
"161, CL ALAMOS UR.MONTELUZ, 18210","161, CL ALAMOS UR.MONTELUZ, 18210, ES",ES
"S/N, PL S-LF1, 4647","S/N, PL S-LF1, 4647, ES",ES
"S/N, LG PENA, 15819","S/N, LG PENA, 15819, ES",ES
"259, CL ROSAL (UR EL OLMILLO), 19162","259, CL ROSAL (UR EL OLMILLO), 19162, ES",ES
"S/N, LG VILLAMIR, 15145","S/N, LG VILLAMIR, 15145, ES",ES
"44, UR JUAN DE HERRERA (MAOÑO), 39108","44, UR JUAN DE HERRERA (MAOÑO), 39108, ES",ES
"13, CL MAREJADILLA, 21440","13, CL MAREJADILLA, 21440, ES",ES
"12, CL SAN ISIDRO, 6391","12, CL SAN ISIDRO, 6391, ES",ES
"S/N, LG BIEITE, 32419","S/N, LG BIEITE, 32419, ES",ES
"7, CL PPE ASTURIAS (BALSI) (BALSICAS), 30591","7, CL PPE ASTURIAS (BALSI) (BALSICAS), 30591, ES",ES
"2B, CS ESPIELLS, 8770","2B, CS ESPIELLS, 8770, ES",ES
"17, CL LINNE, DE, 8224","17, CL LINNE, DE, 8224, ES",ES
"180, UR GOLF DEL GUADIANA, 6008","180, UR GOLF DEL GUADIANA, 6008, ES",ES
"9, AV HNOS CANDELA SIR.-ORITO, 3679","9, AV HNOS CANDELA SIR.-ORITO, 3679, ES",ES
"12, CL VALLADOLID, 47680","12, CL VALLADOLID, 47680, ES",ES
"12, AV MONASTERIO-VS (VILLAVERDE S-VS), 24217","12, AV MONASTERIO-VS (VILLAVERDE S-VS), 24217, ES",ES
"34, CL JOSE LUIS OSBORNE VAZQUEZ, 11500","34, CL JOSE LUIS OSBORNE VAZQUEZ, 11500, ES",ES
"25, LG CIMA DA VILA, 32454","25, LG CIMA DA VILA, 32454, ES",ES
"454, LG LESTROBE, 15981","454, LG LESTROBE, 15981, ES",ES
"9, PZ ROMERO CASTILLA, 6293","9, PZ ROMERO CASTILLA, 6293, ES",ES
"20, CL GABR Y GALAN, 3202","20, CL GABR Y GALAN, 3202, ES",ES
"15, CL LA LUNA (VALIENTES) (VALIENTES), 30509","15, CL LA LUNA (VALIENTES) (VALIENTES), 30509, ES",ES
"71, CR CAMPORROBLES, 16350","71, CR CAMPORROBLES, 16350, ES",ES
"31, CJ 2-MV, 24736","31, CJ 2-MV, 24736, ES",ES
"19, PS PINAR, 28815","19, PS PINAR, 28815, ES",ES
"18, CL LOMO (PUERTO CRUZ), 38400","18, CL LOMO (PUERTO CRUZ), 38400, ES",ES
"4, CL PINTOR PINAZO, 46230","4, CL PINTOR PINAZO, 46230, ES",ES
"16, PZ ZAFIROS (GR), 11311","16, PZ ZAFIROS (GR), 11311, ES",ES
"S/N, UR DEVESA A, 32630","S/N, UR DEVESA A, 32630, ES",ES
"S/N, DS AFORES, 17400","S/N, DS AFORES, 17400, ES",ES
"302, DS DISEMINADOS, 14940","302, DS DISEMINADOS, 14940, ES",ES
"4, CL EMILIO ZOLA, 18800","4, CL EMILIO ZOLA, 18800, ES",ES
"347, UR PLA DE PELAC, 8795","347, UR PLA DE PELAC, 8795, ES",ES
"69, CL REAL (FUENTECAMBRON), 42342","69, CL REAL (FUENTECAMBRON), 42342, ES",ES
"9, CL ESCOBONAL (FINCA ESPAÑA), 38205","9, CL ESCOBONAL (FINCA ESPAÑA), 38205, ES",ES
"43, CL SANTA ANA, 11339","43, CL SANTA ANA, 11339, ES",ES
"50, CL CREU COBERTA, 8014","50, CL CREU COBERTA, 8014, ES",ES
"29C, CL PRADO, 45512","29C, CL PRADO, 45512, ES",ES
"53, UR PARRACES III, 40142","53, UR PARRACES III, 40142, ES",ES
"4, PASEO KALAMUTZ / KALAMUTZ PASEALEKUA, Imárcoain, Noáin (Valle de Elorz) / Noain (Elortzibar), Navarra, 31119","4, PASEO KALAMUTZ / KALAMUTZ PASEALEKUA, Imárcoain, Noáin (Valle de Elorz) / Noain (Elortzibar), Navarra, 31119, ES",ES
"19, CL REAL-GR (GRISUELA DEL PA), 24248","19, CL REAL-GR (GRISUELA DEL PA), 24248, ES",ES
"77D, CL ANTONIO NEBR-TC (TROBAJO CAMINO), 24009","77D, CL ANTONIO NEBR-TC (TROBAJO CAMINO), 24009, ES",ES
"12, LG CHORENTE, 15125","12, LG CHORENTE, 15125, ES",ES
"33, DS EXTRAMUROS, 41230","33, DS EXTRAMUROS, 41230, ES",ES
"4, CL PORTILLO, 37671","4, CL PORTILLO, 37671, ES",ES
"27, CL IGLESIA, 50612","27, CL IGLESIA, 50612, ES",ES
"16, CL TOMAS GOMEZ, 37727","16, CL TOMAS GOMEZ, 37727, ES",ES
"14, DS CA N'ORIACH, 8181","14, DS CA N'ORIACH, 8181, ES",ES
"S/N, LG VILALEN (A)-LOUREIRO, 36855","S/N, LG VILALEN (A)-LOUREIRO, 36855, ES",ES
"66, CL ALAMOS, 23120","66, CL ALAMOS, 23120, ES",ES
"2, CL JUAN AVELINO, 2160","2, CL JUAN AVELINO, 2160, ES",ES
"2, TR CANAL HORNOS, 49780","2, TR CANAL HORNOS, 49780, ES",ES
"21, LG ZANFOGA - PQ VILAPEDRE, 27614","21, LG ZANFOGA - PQ VILAPEDRE, 27614, ES",ES
"41, AV NIZA, 28022","41, AV NIZA, 28022, ES",ES
"20, CL JUAN MAMBRILLA, 47003","20, CL JUAN MAMBRILLA, 47003, ES",ES
"38, AV 1 DE MAYO (VALDENOCHES), 19197","38, AV 1 DE MAYO (VALDENOCHES), 19197, ES",ES
"S/N, CL DESERT DE LES PALMES, 46184","S/N, CL DESERT DE LES PALMES, 46184, ES",ES
"S/N, AL LOS CONEJOS II, 30509","S/N, AL LOS CONEJOS II, 30509, ES",ES
"91, CL MENENDEZ PELAYO, 3660","91, CL MENENDEZ PELAYO, 3660, ES",ES
"41, CM MERCEDES DE LAS (VEGA MERCEDES), 38208","41, CM MERCEDES DE LAS (VEGA MERCEDES), 38208, ES",ES
"S/N, CL PICA D'ESTATS, 8251","S/N, CL PICA D'ESTATS, 8251, ES",ES
"48, CL CAÑON, 6400","48, CL CAÑON, 6400, ES",ES
"10, CL SANGRE D CRISTO, 3670","10, CL SANGRE D CRISTO, 3670, ES",ES
"9B, CL GANADERIA, 22006","9B, CL GANADERIA, 22006, ES",ES
"15, RU VIÑA (DA)-AREALONGA, 36613","15, RU VIÑA (DA)-AREALONGA, 36613, ES",ES
"8A, CM HOYO DEL BARRIO INTERIOR (MOCANAL), 38916","8A, CM HOYO DEL BARRIO INTERIOR (MOCANAL), 38916, ES",ES
"S/N, LG GANDARA-PEITIEIROS, 36389","S/N, LG GANDARA-PEITIEIROS, 36389, ES",ES
"49, TN POLIGONO 52, 44400","49, TN POLIGONO 52, 44400, ES",ES
"68, CL CRISTOFOL COLOM, 8921","68, CL CRISTOFOL COLOM, 8921, ES",ES
"63, CL FORN DE CALÇ, DES, 7639","63, CL FORN DE CALÇ, DES, 7639, ES",ES
"12, PL CAMINO SAN MARTIN, 47239","12, PL CAMINO SAN MARTIN, 47239, ES",ES
"31, CL CAMARILLA, 19119","31, CL CAMARILLA, 19119, ES",ES
"10, CL CODORNIZ LA, 6010","10, CL CODORNIZ LA, 6010, ES",ES
"38, CL SANTA ANA, 16780","38, CL SANTA ANA, 16780, ES",ES
"32, PD SANTES CREUS","32, PD SANTES CREUS, ES",ES
"2, CL BOCINEGRO, 35660","2, CL BOCINEGRO, 35660, ES",ES
"S/N, LG SAN XIAO, 15806","S/N, LG SAN XIAO, 15806, ES",ES
"13, PS DEL ARTE, 47231","13, PS DEL ARTE, 47231, ES",ES
"9A, CL FRANCISCO GARCIA, 39491","9A, CL FRANCISCO GARCIA, 39491, ES",ES
"8, PB MONTOTO (Montoto), 9572","8, PB MONTOTO (Montoto), 9572, ES",ES
"15, CL CIRILO AMOROS, 46512","15, CL CIRILO AMOROS, 46512, ES",ES
"171, AV LIBERTAD-NV (NAVATEJERA-NV-D), 24193","171, AV LIBERTAD-NV (NAVATEJERA-NV-D), 24193, ES",ES
"S/N, CL DIECINUEVE DE ABRIL, 23740","S/N, CL DIECINUEVE DE ABRIL, 23740, ES",ES
"1, CL PP SR10 CALLE E, 21620","1, CL PP SR10 CALLE E, 21620, ES",ES
"11, BO FUENTE ESPANTO DEL, 29670","11, BO FUENTE ESPANTO DEL, 29670, ES",ES
"1, CL MAZA (LA), 39170","1, CL MAZA (LA), 39170, ES",ES
"8, CL ANGEL GUIMERA, 17450","8, CL ANGEL GUIMERA, 17450, ES",ES
"S/N, UR ALBA LISTE, 17404","S/N, UR ALBA LISTE, 17404, ES",ES
"23, CL BASTARDOS, 29200","23, CL BASTARDOS, 29200, ES",ES
"12, CL PUIG DE LA COVA (BONAVISTA), 43880","12, CL PUIG DE LA COVA (BONAVISTA), 43880, ES",ES
"24, CL MENDIZABAL, 35001","24, CL MENDIZABAL, 35001, ES",ES
"3, CL S LLUIS DE (MIAMI PLATJA), 43892","3, CL S LLUIS DE (MIAMI PLATJA), 43892, ES",ES
"11, CL UNION, 28110","11, CL UNION, 28110, ES",ES
"100, DS HORNILLO, 29650","100, DS HORNILLO, 29650, ES",ES
"2, PZ ESPAÑA, 26323","2, PZ ESPAÑA, 26323, ES",ES
"5, BJ HUERTAS, 26330","5, BJ HUERTAS, 26330, ES",ES
"26, CL SAN JOSE, 18184","26, CL SAN JOSE, 18184, ES",ES
"30, PD LO SAAVEDRA, 3170","30, PD LO SAAVEDRA, 3170, ES",ES
"13A, BO BIMON, 39213","13A, BO BIMON, 39213, ES",ES
"14, CL ATALAYA, 11500","14, CL ATALAYA, 11500, ES",ES
"1, PZ SOL, 50162","1, PZ SOL, 50162, ES",ES
"16, CL NORTE (C VILLAS), 28754","16, CL NORTE (C VILLAS), 28754, ES",ES
"28, PL POLIGONO N  2, 46850","28, PL POLIGONO N  2, 46850, ES",ES
"2D, CL MENENDEZ PELAYO, 33012","2D, CL MENENDEZ PELAYO, 33012, ES",ES
"15, AVENIDA VILLAR, Corella, Corella, Navarra, 31591","15, AVENIDA VILLAR, Corella, Corella, Navarra, 31591, ES",ES
"2, AL CASANUÑEZ, 32767","2, AL CASANUÑEZ, 32767, ES",ES
"25, PZ SANTIAGO, 47400","25, PZ SANTIAGO, 47400, ES",ES
"7, CL MAYOR, 19412","7, CL MAYOR, 19412, ES",ES
"3, BO BARRIO NUEVO, 40109","3, BO BARRIO NUEVO, 40109, ES",ES
"57, CL SAN PEDRO, 3140","57, CL SAN PEDRO, 3140, ES",ES
"8, CL CARRIL 3C(PAGO POZUELA)","8, CL CARRIL 3C(PAGO POZUELA), ES",ES
"60, CL IGLESIA STA COL, 49394","60, CL IGLESIA STA COL, 49394, ES",ES
"9, CL LEPANTO, 50660","9, CL LEPANTO, 50660, ES",ES
"15, PZ JUAN ANTONIO BU, 19280","15, PZ JUAN ANTONIO BU, 19280, ES",ES
"6, CM RAÑEIRA, 36208","6, CM RAÑEIRA, 36208, ES",ES
"8, CL VIRGEN DEL PINO (VALLE SAN LOREN), 38626","8, CL VIRGEN DEL PINO (VALLE SAN LOREN), 38626, ES",ES
"83, AV APAREJADORES","83, AV APAREJADORES, ES",ES
"20, CL HINOJO - EL ALGAR (CARTAGENA), 30366","20, CL HINOJO - EL ALGAR (CARTAGENA), 30366, ES",ES
"5, CL ALFONSO XIII (SAN GINES), 30169","5, CL ALFONSO XIII (SAN GINES), 30169, ES",ES
"13A, BO BIMON, 39213","13A, BO BIMON, 39213, ES",ES
"2, CL DOLORES IBARRURI, 29470","2, CL DOLORES IBARRURI, 29470, ES",ES
"15, CL RE FRANCISCO HDEZ BORONDO (GRACIA), 38205","15, CL RE FRANCISCO HDEZ BORONDO (GRACIA), 38205, ES",ES
"12, CL MEDIO CABA/AS A, 49592","12, CL MEDIO CABA/AS A, 49592, ES",ES
"18, CL ALEJANDRO DAVILA LEON, 35212","18, CL ALEJANDRO DAVILA LEON, 35212, ES",ES
"7A, CL AGRAMESON, 18183","7A, CL AGRAMESON, 18183, ES",ES
"13, DS CARRASQUILLA (CARRASQUILLA), 30815","13, DS CARRASQUILLA (CARRASQUILLA), 30815, ES",ES
"13, LG VEGA, 33345","13, LG VEGA, 33345, ES",ES
"20, CL RELLOTGE, 8923","20, CL RELLOTGE, 8923, ES",ES
"17, CL VIRGEN DE LA SANGRE, 14960","17, CL VIRGEN DE LA SANGRE, 14960, ES",ES
"5, CL ARROSPINO, 10649","5, CL ARROSPINO, 10649, ES",ES
"26, CL VIRGEN, 14450","26, CL VIRGEN, 14450, ES",ES
"12, CL PUERTO DE CANENCIA, 28260","12, CL PUERTO DE CANENCIA, 28260, ES",ES
"23, CL COLONA BARBARA HEBLES, 41439","23, CL COLONA BARBARA HEBLES, 41439, ES",ES
"203, ED APART.ALDEA VACACIONES;P.","203, ED APART.ALDEA VACACIONES;P., ES",ES
